[{"model": "admin.logentry", "pk": 1, "fields": {"action_time": "2024-04-26T19:00:06.003Z", "user": 1, "content_type": 7, "object_id": "1", "object_repr": "APH", "action_flag": 1, "change_message": "[{\"added\": {}}]"}}, {"model": "admin.logentry", "pk": 2, "fields": {"action_time": "2024-04-26T19:17:01.516Z", "user": 1, "content_type": 8, "object_id": "1", "object_repr": "Daniel Fernandes Pereira", "action_flag": 1, "change_message": "[{\"added\": {}}]"}}, {"model": "admin.logentry", "pk": 3, "fields": {"action_time": "2024-04-26T19:18:46.764Z", "user": 1, "content_type": 9, "object_id": "1", "object_repr": "18714933748", "action_flag": 1, "change_message": "[{\"added\": {}}]"}}, {"model": "admin.logentry", "pk": 4, "fields": {"action_time": "2024-04-26T19:44:46.966Z", "user": 1, "content_type": 7, "object_id": "1", "object_repr": "APH", "action_flag": 2, "change_message": "[{\"changed\": {\"fields\": [\"Back\"]}}]"}}, {"model": "admin.logentry", "pk": 5, "fields": {"action_time": "2024-04-27T23:42:32.333Z", "user": 1, "content_type": 8, "object_id": "1", "object_repr": "Daniel Fernandes Pereira", "action_flag": 2, "change_message": "[{\"changed\": {\"fields\": [\"Pos x\", \"Pos y\"]}}]"}}, {"model": "admin.logentry", "pk": 6, "fields": {"action_time": "2024-04-27T23:42:48.262Z", "user": 1, "content_type": 8, "object_id": "1", "object_repr": "Daniel Fernandes Pereira", "action_flag": 2, "change_message": "[{\"changed\": {\"fields\": [\"Pos y\"]}}]"}}, {"model": "admin.logentry", "pk": 7, "fields": {"action_time": "2024-04-27T23:42:59.216Z", "user": 1, "content_type": 8, "object_id": "1", "object_repr": "Daniel Fernandes Pereira", "action_flag": 2, "change_message": "[{\"changed\": {\"fields\": [\"Pos y\"]}}]"}}, {"model": "admin.logentry", "pk": 8, "fields": {"action_time": "2024-04-27T23:44:08.109Z", "user": 1, "content_type": 8, "object_id": "2", "object_repr": "187.149.337-48", "action_flag": 1, "change_message": "[{\"added\": {}}]"}}, {"model": "admin.logentry", "pk": 9, "fields": {"action_time": "2024-04-27T23:44:14.626Z", "user": 1, "content_type": 8, "object_id": "2", "object_repr": "187.149.337-48", "action_flag": 2, "change_message": "[{\"changed\": {\"fields\": [\"Size\"]}}]"}}, {"model": "admin.logentry", "pk": 10, "fields": {"action_time": "2024-04-27T23:44:22.017Z", "user": 1, "content_type": 9, "object_id": "1", "object_repr": "18714933748", "action_flag": 2, "change_message": "[{\"changed\": {\"fields\": [\"Texts\"]}}]"}}, {"model": "admin.logentry", "pk": 11, "fields": {"action_time": "2024-04-27T23:44:39.293Z", "user": 1, "content_type": 8, "object_id": "2", "object_repr": "187.149.337-48", "action_flag": 2, "change_message": "[{\"changed\": {\"fields\": [\"Pos y\"]}}]"}}, {"model": "admin.logentry", "pk": 12, "fields": {"action_time": "2024-04-27T23:44:51.346Z", "user": 1, "content_type": 8, "object_id": "2", "object_repr": "187.149.337-48", "action_flag": 2, "change_message": "[{\"changed\": {\"fields\": [\"Pos y\"]}}]"}}, {"model": "admin.logentry", "pk": 13, "fields": {"action_time": "2024-04-27T23:46:11.441Z", "user": 1, "content_type": 8, "object_id": "3", "object_repr": "Nova Iguaçu, 27/04/2024", "action_flag": 1, "change_message": "[{\"added\": {}}]"}}, {"model": "admin.logentry", "pk": 14, "fields": {"action_time": "2024-04-27T23:46:15.007Z", "user": 1, "content_type": 8, "object_id": "3", "object_repr": "Nova Iguaçu, 27/04/2024", "action_flag": 2, "change_message": "[{\"changed\": {\"fields\": [\"Pos y\"]}}]"}}, {"model": "admin.logentry", "pk": 15, "fields": {"action_time": "2024-04-27T23:46:35.319Z", "user": 1, "content_type": 9, "object_id": "1", "object_repr": "18714933748", "action_flag": 2, "change_message": "[{\"changed\": {\"fields\": [\"Texts\"]}}]"}}, {"model": "admin.logentry", "pk": 16, "fields": {"action_time": "2024-04-27T23:47:09.350Z", "user": 1, "content_type": 8, "object_id": "2", "object_repr": "187.149.337-48", "action_flag": 2, "change_message": "[{\"changed\": {\"fields\": [\"Pos y\"]}}]"}}, {"model": "admin.logentry", "pk": 17, "fields": {"action_time": "2024-04-27T23:47:17.317Z", "user": 1, "content_type": 8, "object_id": "3", "object_repr": "Nova Iguaçu, 27/04/2024", "action_flag": 2, "change_message": "[{\"changed\": {\"fields\": [\"Pos y\"]}}]"}}, {"model": "admin.logentry", "pk": 18, "fields": {"action_time": "2024-04-27T23:47:30.938Z", "user": 1, "content_type": 8, "object_id": "2", "object_repr": "187.149.337-48", "action_flag": 2, "change_message": "[{\"changed\": {\"fields\": [\"Pos y\"]}}]"}}, {"model": "admin.logentry", "pk": 19, "fields": {"action_time": "2024-04-27T23:47:37.827Z", "user": 1, "content_type": 8, "object_id": "3", "object_repr": "Nova Iguaçu, 27/04/2024", "action_flag": 2, "change_message": "[{\"changed\": {\"fields\": [\"Pos y\"]}}]"}}, {"model": "admin.logentry", "pk": 20, "fields": {"action_time": "2024-04-27T23:47:58.238Z", "user": 1, "content_type": 8, "object_id": "2", "object_repr": "187.149.337-48", "action_flag": 2, "change_message": "[{\"changed\": {\"fields\": [\"Pos y\"]}}]"}}, {"model": "admin.logentry", "pk": 21, "fields": {"action_time": "2024-04-29T15:20:28.317Z", "user": 1, "content_type": 10, "object_id": "1", "object_repr": "name", "action_flag": 1, "change_message": "[{\"added\": {}}]"}}, {"model": "admin.logentry", "pk": 22, "fields": {"action_time": "2024-04-29T15:20:46.221Z", "user": 1, "content_type": 10, "object_id": "2", "object_repr": "cpf", "action_flag": 1, "change_message": "[{\"added\": {}}]"}}, {"model": "admin.logentry", "pk": 23, "fields": {"action_time": "2024-04-29T15:20:52.765Z", "user": 1, "content_type": 10, "object_id": "3", "object_repr": "extra", "action_flag": 1, "change_message": "[{\"added\": {}}]"}}, {"model": "admin.logentry", "pk": 24, "fields": {"action_time": "2024-04-29T15:20:58.138Z", "user": 1, "content_type": 7, "object_id": "1", "object_repr": "APH", "action_flag": 2, "change_message": "[{\"changed\": {\"fields\": [\"Texts\"]}}]"}}, {"model": "admin.logentry", "pk": 25, "fields": {"action_time": "2024-04-29T15:22:18.847Z", "user": 1, "content_type": 9, "object_id": "1", "object_repr": "18714933748", "action_flag": 2, "change_message": "[{\"changed\": {\"fields\": [\"Data json\"]}}]"}}, {"model": "admin.logentry", "pk": 26, "fields": {"action_time": "2024-04-29T17:35:20.605Z", "user": 1, "content_type": 9, "object_id": "2", "object_repr": "a", "action_flag": 3, "change_message": ""}}, {"model": "admin.logentry", "pk": 27, "fields": {"action_time": "2024-04-29T18:16:18.234Z", "user": 1, "content_type": 9, "object_id": "3", "object_repr": "Daniel Fernandes Pereira0308557672Nova Iguaçu1", "action_flag": 2, "change_message": "[{\"changed\": {\"fields\": [\"Data json\"]}}]"}}, {"model": "admin.logentry", "pk": 28, "fields": {"action_time": "2024-04-29T18:46:38.416Z", "user": 1, "content_type": 9, "object_id": "3", "object_repr": "Daniel Fernandes Pereira0308557672Nova Iguaçu1", "action_flag": 2, "change_message": "[{\"changed\": {\"fields\": [\"Data json\"]}}]"}}, {"model": "admin.logentry", "pk": 29, "fields": {"action_time": "2024-04-29T19:55:40.668Z", "user": 1, "content_type": 9, "object_id": "3", "object_repr": "João Paulo 0308557672Nova Iguaçu1", "action_flag": 2, "change_message": "[{\"changed\": {\"fields\": [\"Identifier\"]}}]"}}, {"model": "admin.logentry", "pk": 30, "fields": {"action_time": "2024-04-30T16:12:56.672Z", "user": 1, "content_type": 10, "object_id": "3", "object_repr": "extra", "action_flag": 2, "change_message": "[{\"changed\": {\"fields\": [\"Pos x\"]}}]"}}, {"model": "admin.logentry", "pk": 31, "fields": {"action_time": "2024-04-30T16:13:24.701Z", "user": 1, "content_type": 10, "object_id": "3", "object_repr": "extra", "action_flag": 2, "change_message": "[{\"changed\": {\"fields\": [\"Pos x\"]}}]"}}, {"model": "admin.logentry", "pk": 32, "fields": {"action_time": "2024-05-17T15:33:26.810Z", "user": 1, "content_type": 9, "object_id": "4", "object_repr": "Anderosn Flauzino Mendes053.093.297-06Nova Iguaçu 02/02/2024", "action_flag": 2, "change_message": "[{\"changed\": {\"fields\": [\"Data json\"]}}]"}}, {"model": "admin.logentry", "pk": 33, "fields": {"action_time": "2024-05-22T15:20:09.757Z", "user": 1, "content_type": 9, "object_id": "5", "object_repr": "teste18714933748xxxxxx", "action_flag": 3, "change_message": ""}}, {"model": "admin.logentry", "pk": 34, "fields": {"action_time": "2024-05-22T15:29:20.354Z", "user": 1, "content_type": 9, "object_id": "6", "object_repr": "Daniel Fernandes Pereira187.149.337-48Nova Iguaçu 12/03/1999", "action_flag": 3, "change_message": ""}}, {"model": "admin.logentry", "pk": 35, "fields": {"action_time": "2024-05-22T15:29:29.793Z", "user": 1, "content_type": 9, "object_id": "3", "object_repr": "João Paulo 0308557672Nova Iguaçu1", "action_flag": 3, "change_message": ""}}, {"model": "admin.logentry", "pk": 36, "fields": {"action_time": "2024-05-22T15:29:32.560Z", "user": 1, "content_type": 9, "object_id": "1", "object_repr": "18714933748", "action_flag": 3, "change_message": ""}}, {"model": "admin.logentry", "pk": 37, "fields": {"action_time": "2024-05-22T15:42:07.903Z", "user": 1, "content_type": 9, "object_id": "9", "object_repr": "Daniel Fernandes Pereira187.149.337-48Nova Iguaçu 22/05/2024", "action_flag": 3, "change_message": ""}}, {"model": "admin.logentry", "pk": 38, "fields": {"action_time": "2024-05-22T15:42:07.912Z", "user": 1, "content_type": 9, "object_id": "8", "object_repr": "Daniel Fernandes Pereira187.149.337-48Nova Iguaçu 12/03/1999", "action_flag": 3, "change_message": ""}}, {"model": "admin.logentry", "pk": 39, "fields": {"action_time": "2024-05-22T15:42:07.917Z", "user": 1, "content_type": 9, "object_id": "7", "object_repr": "Joao Bello187.149.337-48Nova Iguaçu 22/05/2024", "action_flag": 3, "change_message": ""}}, {"model": "admin.logentry", "pk": 40, "fields": {"action_time": "2024-05-22T16:32:49.119Z", "user": 1, "content_type": 9, "object_id": "10", "object_repr": "teste187.149.333-74Nova Iguaçu 12/03/1999", "action_flag": 3, "change_message": ""}}, {"model": "admin.logentry", "pk": 41, "fields": {"action_time": "2024-07-09T13:44:47.577Z", "user": 1, "content_type": 10, "object_id": "4", "object_repr": "newName", "action_flag": 1, "change_message": "[{\"added\": {}}]"}}, {"model": "admin.logentry", "pk": 42, "fields": {"action_time": "2024-07-09T13:45:09.653Z", "user": 1, "content_type": 10, "object_id": "5", "object_repr": "newCpf", "action_flag": 1, "change_message": "[{\"added\": {}}]"}}, {"model": "admin.logentry", "pk": 43, "fields": {"action_time": "2024-07-09T13:45:25.050Z", "user": 1, "content_type": 10, "object_id": "6", "object_repr": "newExtra", "action_flag": 1, "change_message": "[{\"added\": {}}]"}}, {"model": "admin.logentry", "pk": 44, "fields": {"action_time": "2024-07-09T13:45:52.909Z", "user": 1, "content_type": 7, "object_id": "2", "object_repr": "APHNEW", "action_flag": 1, "change_message": "[{\"added\": {}}]"}}, {"model": "admin.logentry", "pk": 45, "fields": {"action_time": "2024-07-09T13:47:46.509Z", "user": 1, "content_type": 10, "object_id": "4", "object_repr": "newName", "action_flag": 2, "change_message": "[{\"changed\": {\"fields\": [\"Pos y\"]}}]"}}, {"model": "admin.logentry", "pk": 46, "fields": {"action_time": "2024-07-09T13:48:09.629Z", "user": 1, "content_type": 10, "object_id": "4", "object_repr": "newName", "action_flag": 2, "change_message": "[{\"changed\": {\"fields\": [\"Pos x\"]}}]"}}, {"model": "admin.logentry", "pk": 47, "fields": {"action_time": "2024-07-09T13:49:57.260Z", "user": 1, "content_type": 7, "object_id": "2", "object_repr": "APHNEW", "action_flag": 2, "change_message": "[]"}}, {"model": "admin.logentry", "pk": 48, "fields": {"action_time": "2024-07-09T13:50:57.540Z", "user": 1, "content_type": 10, "object_id": "4", "object_repr": "name", "action_flag": 2, "change_message": "[{\"changed\": {\"fields\": [\"Field\"]}}]"}}, {"model": "admin.logentry", "pk": 49, "fields": {"action_time": "2024-07-09T13:51:02.760Z", "user": 1, "content_type": 10, "object_id": "5", "object_repr": "cpf", "action_flag": 2, "change_message": "[{\"changed\": {\"fields\": [\"Field\"]}}]"}}, {"model": "admin.logentry", "pk": 50, "fields": {"action_time": "2024-07-09T13:51:06.539Z", "user": 1, "content_type": 10, "object_id": "6", "object_repr": "extra", "action_flag": 2, "change_message": "[{\"changed\": {\"fields\": [\"Field\"]}}]"}}, {"model": "admin.logentry", "pk": 51, "fields": {"action_time": "2024-07-09T13:51:38.141Z", "user": 1, "content_type": 10, "object_id": "5", "object_repr": "cpf", "action_flag": 2, "change_message": "[{\"changed\": {\"fields\": [\"Pos y\"]}}]"}}, {"model": "admin.logentry", "pk": 52, "fields": {"action_time": "2024-07-09T13:51:47.076Z", "user": 1, "content_type": 10, "object_id": "5", "object_repr": "cpf", "action_flag": 2, "change_message": "[{\"changed\": {\"fields\": [\"Pos y\"]}}]"}}, {"model": "admin.logentry", "pk": 53, "fields": {"action_time": "2024-07-09T13:51:53.609Z", "user": 1, "content_type": 10, "object_id": "5", "object_repr": "cpf", "action_flag": 2, "change_message": "[{\"changed\": {\"fields\": [\"Pos y\"]}}]"}}, {"model": "admin.logentry", "pk": 54, "fields": {"action_time": "2024-07-09T13:52:23.858Z", "user": 1, "content_type": 10, "object_id": "5", "object_repr": "cpf", "action_flag": 2, "change_message": "[{\"changed\": {\"fields\": [\"Pos x\", \"Pos y\"]}}]"}}, {"model": "admin.logentry", "pk": 55, "fields": {"action_time": "2024-07-09T13:52:40.128Z", "user": 1, "content_type": 10, "object_id": "5", "object_repr": "cpf", "action_flag": 2, "change_message": "[{\"changed\": {\"fields\": [\"Pos x\"]}}]"}}, {"model": "admin.logentry", "pk": 56, "fields": {"action_time": "2024-07-09T13:52:58.632Z", "user": 1, "content_type": 10, "object_id": "5", "object_repr": "cpf", "action_flag": 2, "change_message": "[{\"changed\": {\"fields\": [\"Pos x\", \"Pos y\"]}}]"}}, {"model": "admin.logentry", "pk": 57, "fields": {"action_time": "2024-07-09T13:53:32.030Z", "user": 1, "content_type": 10, "object_id": "5", "object_repr": "cpf", "action_flag": 2, "change_message": "[{\"changed\": {\"fields\": [\"Pos x\"]}}]"}}, {"model": "admin.logentry", "pk": 58, "fields": {"action_time": "2024-07-09T13:53:45.612Z", "user": 1, "content_type": 10, "object_id": "5", "object_repr": "cpf", "action_flag": 2, "change_message": "[{\"changed\": {\"fields\": [\"Size\"]}}]"}}, {"model": "admin.logentry", "pk": 59, "fields": {"action_time": "2024-07-09T13:53:57.627Z", "user": 1, "content_type": 10, "object_id": "5", "object_repr": "cpf", "action_flag": 2, "change_message": "[{\"changed\": {\"fields\": [\"Size\"]}}]"}}, {"model": "admin.logentry", "pk": 60, "fields": {"action_time": "2024-07-09T13:54:10.654Z", "user": 1, "content_type": 10, "object_id": "5", "object_repr": "cpf", "action_flag": 2, "change_message": "[{\"changed\": {\"fields\": [\"Pos x\"]}}]"}}, {"model": "admin.logentry", "pk": 61, "fields": {"action_time": "2024-07-09T13:54:20.188Z", "user": 1, "content_type": 10, "object_id": "5", "object_repr": "cpf", "action_flag": 2, "change_message": "[{\"changed\": {\"fields\": [\"Pos y\"]}}]"}}, {"model": "admin.logentry", "pk": 62, "fields": {"action_time": "2024-07-09T13:56:18.213Z", "user": 1, "content_type": 10, "object_id": "6", "object_repr": "extra", "action_flag": 2, "change_message": "[{\"changed\": {\"fields\": [\"Size\", \"Pos x\"]}}]"}}, {"model": "admin.logentry", "pk": 63, "fields": {"action_time": "2024-07-09T13:56:26.907Z", "user": 1, "content_type": 10, "object_id": "4", "object_repr": "name", "action_flag": 2, "change_message": "[{\"changed\": {\"fields\": [\"Pos x\", \"Pos y\"]}}]"}}, {"model": "admin.logentry", "pk": 64, "fields": {"action_time": "2024-07-09T13:56:50.933Z", "user": 1, "content_type": 10, "object_id": "4", "object_repr": "name", "action_flag": 2, "change_message": "[{\"changed\": {\"fields\": [\"Pos y\"]}}]"}}, {"model": "admin.logentry", "pk": 65, "fields": {"action_time": "2024-07-09T13:57:39.370Z", "user": 1, "content_type": 10, "object_id": "4", "object_repr": "name", "action_flag": 2, "change_message": "[{\"changed\": {\"fields\": [\"Size\"]}}]"}}, {"model": "admin.logentry", "pk": 66, "fields": {"action_time": "2024-07-09T14:01:24.259Z", "user": 1, "content_type": 10, "object_id": "4", "object_repr": "name", "action_flag": 2, "change_message": "[{\"changed\": {\"fields\": [\"Pos x\", \"Pos y\"]}}]"}}, {"model": "admin.logentry", "pk": 67, "fields": {"action_time": "2024-07-09T14:01:49.517Z", "user": 1, "content_type": 10, "object_id": "4", "object_repr": "name", "action_flag": 2, "change_message": "[{\"changed\": {\"fields\": [\"Pos y\"]}}]"}}, {"model": "admin.logentry", "pk": 68, "fields": {"action_time": "2024-07-09T14:02:16.092Z", "user": 1, "content_type": 10, "object_id": "4", "object_repr": "name", "action_flag": 2, "change_message": "[{\"changed\": {\"fields\": [\"Pos y\"]}}]"}}, {"model": "admin.logentry", "pk": 69, "fields": {"action_time": "2024-07-09T14:02:22.008Z", "user": 1, "content_type": 10, "object_id": "4", "object_repr": "name", "action_flag": 2, "change_message": "[{\"changed\": {\"fields\": [\"Pos y\"]}}]"}}, {"model": "admin.logentry", "pk": 70, "fields": {"action_time": "2024-07-09T14:02:30.260Z", "user": 1, "content_type": 10, "object_id": "4", "object_repr": "name", "action_flag": 2, "change_message": "[{\"changed\": {\"fields\": [\"Pos y\"]}}]"}}, {"model": "admin.logentry", "pk": 71, "fields": {"action_time": "2024-07-09T14:02:37.536Z", "user": 1, "content_type": 10, "object_id": "4", "object_repr": "name", "action_flag": 2, "change_message": "[{\"changed\": {\"fields\": [\"Pos y\"]}}]"}}, {"model": "admin.logentry", "pk": 72, "fields": {"action_time": "2024-07-09T14:03:28.976Z", "user": 1, "content_type": 10, "object_id": "5", "object_repr": "cpf", "action_flag": 2, "change_message": "[{\"changed\": {\"fields\": [\"Pos x\"]}}]"}}, {"model": "admin.logentry", "pk": 73, "fields": {"action_time": "2024-07-09T14:04:32.519Z", "user": 1, "content_type": 10, "object_id": "6", "object_repr": "extra", "action_flag": 2, "change_message": "[{\"changed\": {\"fields\": [\"Size\", \"Pos x\", \"Pos y\"]}}]"}}, {"model": "admin.logentry", "pk": 74, "fields": {"action_time": "2024-07-09T14:04:46.254Z", "user": 1, "content_type": 10, "object_id": "6", "object_repr": "extra", "action_flag": 2, "change_message": "[{\"changed\": {\"fields\": [\"Size\", \"Pos y\"]}}]"}}, {"model": "admin.logentry", "pk": 75, "fields": {"action_time": "2024-07-09T14:05:12.720Z", "user": 1, "content_type": 10, "object_id": "6", "object_repr": "extra", "action_flag": 2, "change_message": "[{\"changed\": {\"fields\": [\"Size\"]}}]"}}, {"model": "admin.logentry", "pk": 76, "fields": {"action_time": "2024-07-09T14:05:24.770Z", "user": 1, "content_type": 10, "object_id": "6", "object_repr": "extra", "action_flag": 2, "change_message": "[{\"changed\": {\"fields\": [\"Pos x\"]}}]"}}, {"model": "admin.logentry", "pk": 77, "fields": {"action_time": "2024-07-09T14:14:01.818Z", "user": 1, "content_type": 10, "object_id": "6", "object_repr": "extra", "action_flag": 2, "change_message": "[{\"changed\": {\"fields\": [\"Cor rgb ex 0,0,0\"]}}]"}}, {"model": "admin.logentry", "pk": 78, "fields": {"action_time": "2024-07-09T14:14:53.388Z", "user": 1, "content_type": 10, "object_id": "6", "object_repr": "extra", "action_flag": 2, "change_message": "[{\"changed\": {\"fields\": [\"Size\"]}}]"}}, {"model": "admin.logentry", "pk": 79, "fields": {"action_time": "2024-07-09T14:15:01.727Z", "user": 1, "content_type": 10, "object_id": "6", "object_repr": "extra", "action_flag": 2, "change_message": "[{\"changed\": {\"fields\": [\"Pos y\"]}}]"}}, {"model": "admin.logentry", "pk": 80, "fields": {"action_time": "2024-07-09T14:20:16.182Z", "user": 1, "content_type": 10, "object_id": "3", "object_repr": "extra", "action_flag": 3, "change_message": ""}}, {"model": "admin.logentry", "pk": 81, "fields": {"action_time": "2024-07-09T14:20:16.189Z", "user": 1, "content_type": 10, "object_id": "2", "object_repr": "cpf", "action_flag": 3, "change_message": ""}}, {"model": "admin.logentry", "pk": 82, "fields": {"action_time": "2024-07-09T14:20:16.192Z", "user": 1, "content_type": 10, "object_id": "1", "object_repr": "name", "action_flag": 3, "change_message": ""}}, {"model": "admin.logentry", "pk": 83, "fields": {"action_time": "2024-07-09T14:20:26.691Z", "user": 1, "content_type": 7, "object_id": "1", "object_repr": "APH", "action_flag": 3, "change_message": ""}}, {"model": "admin.logentry", "pk": 84, "fields": {"action_time": "2024-07-09T14:20:51.469Z", "user": 1, "content_type": 7, "object_id": "2", "object_repr": "APH", "action_flag": 2, "change_message": "[{\"changed\": {\"fields\": [\"Name\"]}}]"}}, {"model": "admin.logentry", "pk": 85, "fields": {"action_time": "2024-07-09T14:34:42.187Z", "user": 1, "content_type": 9, "object_id": "31", "object_repr": "D187.149.337-48Nova Iguaçu 12/03/1999", "action_flag": 3, "change_message": ""}}, {"model": "admin.logentry", "pk": 86, "fields": {"action_time": "2024-07-09T14:34:42.194Z", "user": 1, "content_type": 9, "object_id": "30", "object_repr": "Daniel Fernandes Pereira187.149.337-48Nova Iguaçu 21/02/2024", "action_flag": 3, "change_message": ""}}, {"model": "admin.logentry", "pk": 87, "fields": {"action_time": "2024-07-09T14:34:42.198Z", "user": 1, "content_type": 9, "object_id": "28", "object_repr": "Daniel Fernandes Pereira187.149.337-48Nova Iguaçu 21/02/2024", "action_flag": 3, "change_message": ""}}, {"model": "admin.logentry", "pk": 88, "fields": {"action_time": "2024-07-09T14:34:49.095Z", "user": 1, "content_type": 7, "object_id": "2", "object_repr": "APH", "action_flag": 2, "change_message": "[{\"changed\": {\"fields\": [\"Back\"]}}]"}}, {"model": "admin.logentry", "pk": 89, "fields": {"action_time": "2024-07-09T16:46:15.319Z", "user": 1, "content_type": 7, "object_id": "3", "object_repr": "PUNÇÃO VENOSA", "action_flag": 1, "change_message": "[{\"added\": {}}]"}}, {"model": "admin.logentry", "pk": 90, "fields": {"action_time": "2024-07-09T16:46:56.925Z", "user": 1, "content_type": 9, "object_id": "29", "object_repr": "Daniel Fernandes Pereira187.149.337-48Nova Iguaçu 12/03/1999", "action_flag": 2, "change_message": "[{\"changed\": {\"fields\": [\"Model\"]}}]"}}, {"model": "admin.logentry", "pk": 91, "fields": {"action_time": "2024-07-09T16:47:30.977Z", "user": 1, "content_type": 10, "object_id": "5", "object_repr": "cpf", "action_flag": 2, "change_message": "[{\"changed\": {\"fields\": [\"Size\"]}}]"}}, {"model": "admin.logentry", "pk": 92, "fields": {"action_time": "2024-07-09T16:55:22.885Z", "user": 1, "content_type": 7, "object_id": "3", "object_repr": "PUNÇÃO VENOSA", "action_flag": 2, "change_message": "[{\"changed\": {\"fields\": [\"Front\"]}}]"}}, {"model": "admin.logentry", "pk": 93, "fields": {"action_time": "2024-07-09T16:57:07.981Z", "user": 1, "content_type": 7, "object_id": "3", "object_repr": "PUNÇÃO VENOSA", "action_flag": 2, "change_message": "[{\"changed\": {\"fields\": [\"Front\"]}}]"}}, {"model": "admin.logentry", "pk": 94, "fields": {"action_time": "2024-07-09T16:57:34.697Z", "user": 1, "content_type": 10, "object_id": "4", "object_repr": "name", "action_flag": 2, "change_message": "[{\"changed\": {\"fields\": [\"Size\", \"Pos y\"]}}]"}}, {"model": "admin.logentry", "pk": 95, "fields": {"action_time": "2024-07-09T16:57:46.017Z", "user": 1, "content_type": 10, "object_id": "4", "object_repr": "name", "action_flag": 2, "change_message": "[{\"changed\": {\"fields\": [\"Pos y\"]}}]"}}, {"model": "admin.logentry", "pk": 96, "fields": {"action_time": "2024-07-09T16:57:56.535Z", "user": 1, "content_type": 10, "object_id": "5", "object_repr": "cpf", "action_flag": 2, "change_message": "[{\"changed\": {\"fields\": [\"Pos y\"]}}]"}}, {"model": "admin.logentry", "pk": 97, "fields": {"action_time": "2024-07-09T16:58:29.767Z", "user": 1, "content_type": 10, "object_id": "4", "object_repr": "name", "action_flag": 2, "change_message": "[{\"changed\": {\"fields\": [\"Pos y\"]}}]"}}, {"model": "admin.logentry", "pk": 98, "fields": {"action_time": "2024-07-09T16:58:39.349Z", "user": 1, "content_type": 10, "object_id": "4", "object_repr": "name", "action_flag": 2, "change_message": "[{\"changed\": {\"fields\": [\"Pos y\"]}}]"}}, {"model": "admin.logentry", "pk": 99, "fields": {"action_time": "2024-07-09T17:01:58.122Z", "user": 1, "content_type": 7, "object_id": "3", "object_repr": "PUNÇÃO VENOSA", "action_flag": 2, "change_message": "[{\"changed\": {\"fields\": [\"Front\", \"Back\"]}}]"}}, {"model": "admin.logentry", "pk": 100, "fields": {"action_time": "2024-07-09T17:02:30.324Z", "user": 1, "content_type": 10, "object_id": "5", "object_repr": "cpf", "action_flag": 2, "change_message": "[{\"changed\": {\"fields\": [\"Pos x\", \"Pos y\"]}}]"}}, {"model": "admin.logentry", "pk": 101, "fields": {"action_time": "2024-07-09T17:04:15.658Z", "user": 1, "content_type": 7, "object_id": "3", "object_repr": "PUNÇÃO VENOSA", "action_flag": 2, "change_message": "[{\"changed\": {\"fields\": [\"Front\", \"Back\"]}}]"}}, {"model": "admin.logentry", "pk": 102, "fields": {"action_time": "2024-07-09T17:05:22.763Z", "user": 1, "content_type": 10, "object_id": "5", "object_repr": "cpf", "action_flag": 2, "change_message": "[{\"changed\": {\"fields\": [\"Size\"]}}]"}}, {"model": "admin.logentry", "pk": 103, "fields": {"action_time": "2024-07-09T17:19:09.429Z", "user": 1, "content_type": 7, "object_id": "2", "object_repr": "APH", "action_flag": 2, "change_message": "[{\"changed\": {\"fields\": [\"Front\", \"Back\"]}}]"}}, {"model": "admin.logentry", "pk": 104, "fields": {"action_time": "2024-07-09T17:25:46.209Z", "user": 1, "content_type": 7, "object_id": "3", "object_repr": "PUNÇÃO VENOSA", "action_flag": 2, "change_message": "[{\"changed\": {\"fields\": [\"Front\", \"Back\"]}}]"}}, {"model": "admin.logentry", "pk": 105, "fields": {"action_time": "2024-07-09T17:26:06.902Z", "user": 1, "content_type": 7, "object_id": "4", "object_repr": "SATURA SIMPLES", "action_flag": 1, "change_message": "[{\"added\": {}}]"}}, {"model": "admin.logentry", "pk": 106, "fields": {"action_time": "2024-07-09T17:26:27.824Z", "user": 1, "content_type": 7, "object_id": "5", "object_repr": "BLS", "action_flag": 1, "change_message": "[{\"added\": {}}]"}}, {"model": "admin.logentry", "pk": 107, "fields": {"action_time": "2024-07-09T17:27:17.327Z", "user": 1, "content_type": 9, "object_id": "29", "object_repr": "Daniel Fernandes Pereira187.149.337-48Nova Iguaçu 12/03/1999", "action_flag": 2, "change_message": "[{\"changed\": {\"fields\": [\"Model\"]}}]"}}, {"model": "admin.logentry", "pk": 108, "fields": {"action_time": "2024-07-09T17:27:39.973Z", "user": 1, "content_type": 9, "object_id": "29", "object_repr": "Daniel Fernandes Pereira187.149.337-48Nova Iguaçu 12/03/1999", "action_flag": 2, "change_message": "[{\"changed\": {\"fields\": [\"Model\"]}}]"}}, {"model": "admin.logentry", "pk": 109, "fields": {"action_time": "2024-07-09T17:28:08.417Z", "user": 1, "content_type": 9, "object_id": "29", "object_repr": "Daniel Fernandes Pereira187.149.337-48Nova Iguaçu 12/03/1999", "action_flag": 2, "change_message": "[{\"changed\": {\"fields\": [\"Model\"]}}]"}}, {"model": "admin.logentry", "pk": 110, "fields": {"action_time": "2024-07-09T17:28:24.474Z", "user": 1, "content_type": 9, "object_id": "29", "object_repr": "Daniel Fernandes Pereira187.149.337-48Nova Iguaçu 12/03/1999", "action_flag": 2, "change_message": "[{\"changed\": {\"fields\": [\"Model\"]}}]"}}, {"model": "admin.logentry", "pk": 111, "fields": {"action_time": "2024-08-19T17:42:11.108Z", "user": 1, "content_type": 9, "object_id": "38", "object_repr": "Nicolle Dionizo187.149.337-48Nova Iguaçu 12/02/1999", "action_flag": 3, "change_message": ""}}, {"model": "admin.logentry", "pk": 112, "fields": {"action_time": "2024-08-19T17:42:11.302Z", "user": 1, "content_type": 9, "object_id": "29", "object_repr": "Daniel Fernandes Pereira187.149.337-48Nova Iguaçu 12/03/1999", "action_flag": 3, "change_message": ""}}, {"model": "admin.logentry", "pk": 113, "fields": {"action_time": "2024-08-19T18:36:55.519Z", "user": 1, "content_type": 7, "object_id": "2", "object_repr": "APH", "action_flag": 2, "change_message": "[{\"changed\": {\"fields\": [\"Front\"]}}]"}}, {"model": "admin.logentry", "pk": 114, "fields": {"action_time": "2024-08-20T14:23:25.047Z", "user": 1, "content_type": 10, "object_id": "4", "object_repr": "name", "action_flag": 2, "change_message": "[{\"changed\": {\"fields\": [\"Pos x\"]}}]"}}, {"model": "admin.logentry", "pk": 115, "fields": {"action_time": "2024-08-20T14:24:50.207Z", "user": 1, "content_type": 10, "object_id": "4", "object_repr": "name", "action_flag": 2, "change_message": "[{\"changed\": {\"fields\": [\"Pos x\"]}}]"}}, {"model": "admin.logentry", "pk": 116, "fields": {"action_time": "2024-08-20T14:27:42.448Z", "user": 1, "content_type": 7, "object_id": "2", "object_repr": "APH", "action_flag": 2, "change_message": "[{\"changed\": {\"fields\": [\"Front\"]}}]"}}, {"model": "admin.logentry", "pk": 117, "fields": {"action_time": "2024-08-23T16:39:54.972Z", "user": 1, "content_type": 7, "object_id": "6", "object_repr": "Lei Lucas", "action_flag": 1, "change_message": "[{\"added\": {}}]"}}, {"model": "auth.permission", "pk": 1, "fields": {"name": "Can add log entry", "content_type": 1, "codename": "add_logentry"}}, {"model": "auth.permission", "pk": 2, "fields": {"name": "Can change log entry", "content_type": 1, "codename": "change_logentry"}}, {"model": "auth.permission", "pk": 3, "fields": {"name": "Can delete log entry", "content_type": 1, "codename": "delete_logentry"}}, {"model": "auth.permission", "pk": 4, "fields": {"name": "Can view log entry", "content_type": 1, "codename": "view_logentry"}}, {"model": "auth.permission", "pk": 5, "fields": {"name": "Can add permission", "content_type": 2, "codename": "add_permission"}}, {"model": "auth.permission", "pk": 6, "fields": {"name": "Can change permission", "content_type": 2, "codename": "change_permission"}}, {"model": "auth.permission", "pk": 7, "fields": {"name": "Can delete permission", "content_type": 2, "codename": "delete_permission"}}, {"model": "auth.permission", "pk": 8, "fields": {"name": "Can view permission", "content_type": 2, "codename": "view_permission"}}, {"model": "auth.permission", "pk": 9, "fields": {"name": "Can add group", "content_type": 3, "codename": "add_group"}}, {"model": "auth.permission", "pk": 10, "fields": {"name": "Can change group", "content_type": 3, "codename": "change_group"}}, {"model": "auth.permission", "pk": 11, "fields": {"name": "Can delete group", "content_type": 3, "codename": "delete_group"}}, {"model": "auth.permission", "pk": 12, "fields": {"name": "Can view group", "content_type": 3, "codename": "view_group"}}, {"model": "auth.permission", "pk": 13, "fields": {"name": "Can add user", "content_type": 4, "codename": "add_user"}}, {"model": "auth.permission", "pk": 14, "fields": {"name": "Can change user", "content_type": 4, "codename": "change_user"}}, {"model": "auth.permission", "pk": 15, "fields": {"name": "Can delete user", "content_type": 4, "codename": "delete_user"}}, {"model": "auth.permission", "pk": 16, "fields": {"name": "Can view user", "content_type": 4, "codename": "view_user"}}, {"model": "auth.permission", "pk": 17, "fields": {"name": "Can add content type", "content_type": 5, "codename": "add_contenttype"}}, {"model": "auth.permission", "pk": 18, "fields": {"name": "Can change content type", "content_type": 5, "codename": "change_contenttype"}}, {"model": "auth.permission", "pk": 19, "fields": {"name": "Can delete content type", "content_type": 5, "codename": "delete_contenttype"}}, {"model": "auth.permission", "pk": 20, "fields": {"name": "Can view content type", "content_type": 5, "codename": "view_contenttype"}}, {"model": "auth.permission", "pk": 21, "fields": {"name": "Can add session", "content_type": 6, "codename": "add_session"}}, {"model": "auth.permission", "pk": 22, "fields": {"name": "Can change session", "content_type": 6, "codename": "change_session"}}, {"model": "auth.permission", "pk": 23, "fields": {"name": "Can delete session", "content_type": 6, "codename": "delete_session"}}, {"model": "auth.permission", "pk": 24, "fields": {"name": "Can view session", "content_type": 6, "codename": "view_session"}}, {"model": "auth.permission", "pk": 25, "fields": {"name": "Can add model", "content_type": 7, "codename": "add_model"}}, {"model": "auth.permission", "pk": 26, "fields": {"name": "Can change model", "content_type": 7, "codename": "change_model"}}, {"model": "auth.permission", "pk": 27, "fields": {"name": "Can delete model", "content_type": 7, "codename": "delete_model"}}, {"model": "auth.permission", "pk": 28, "fields": {"name": "Can view model", "content_type": 7, "codename": "view_model"}}, {"model": "auth.permission", "pk": 29, "fields": {"name": "Can add text", "content_type": 8, "codename": "add_text"}}, {"model": "auth.permission", "pk": 30, "fields": {"name": "Can change text", "content_type": 8, "codename": "change_text"}}, {"model": "auth.permission", "pk": 31, "fields": {"name": "Can delete text", "content_type": 8, "codename": "delete_text"}}, {"model": "auth.permission", "pk": 32, "fields": {"name": "Can view text", "content_type": 8, "codename": "view_text"}}, {"model": "auth.permission", "pk": 33, "fields": {"name": "Can add certificate", "content_type": 9, "codename": "add_certificate"}}, {"model": "auth.permission", "pk": 34, "fields": {"name": "Can change certificate", "content_type": 9, "codename": "change_certificate"}}, {"model": "auth.permission", "pk": 35, "fields": {"name": "Can delete certificate", "content_type": 9, "codename": "delete_certificate"}}, {"model": "auth.permission", "pk": 36, "fields": {"name": "Can view certificate", "content_type": 9, "codename": "view_certificate"}}, {"model": "auth.permission", "pk": 37, "fields": {"name": "Can add text", "content_type": 10, "codename": "add_text"}}, {"model": "auth.permission", "pk": 38, "fields": {"name": "Can change text", "content_type": 10, "codename": "change_text"}}, {"model": "auth.permission", "pk": 39, "fields": {"name": "Can delete text", "content_type": 10, "codename": "delete_text"}}, {"model": "auth.permission", "pk": 40, "fields": {"name": "Can view text", "content_type": 10, "codename": "view_text"}}, {"model": "auth.user", "pk": 1, "fields": {"password": "pbkdf2_sha256$720000$Gto0zZkTetK3KrWXLFV0zT$kR60IAMgM6GklY0yh+GQIjXWVR0RZu7Vb9Wg5IwZz4E=", "last_login": "2024-08-19T18:28:37.706Z", "is_superuser": true, "username": "admin", "first_name": "", "last_name": "", "email": "", "is_staff": true, "is_active": true, "date_joined": "2024-04-26T18:41:08.114Z", "groups": [], "user_permissions": []}}, {"model": "contenttypes.contenttype", "pk": 1, "fields": {"app_label": "admin", "model": "logentry"}}, {"model": "contenttypes.contenttype", "pk": 2, "fields": {"app_label": "auth", "model": "permission"}}, {"model": "contenttypes.contenttype", "pk": 3, "fields": {"app_label": "auth", "model": "group"}}, {"model": "contenttypes.contenttype", "pk": 4, "fields": {"app_label": "auth", "model": "user"}}, {"model": "contenttypes.contenttype", "pk": 5, "fields": {"app_label": "contenttypes", "model": "contenttype"}}, {"model": "contenttypes.contenttype", "pk": 6, "fields": {"app_label": "sessions", "model": "session"}}, {"model": "contenttypes.contenttype", "pk": 7, "fields": {"app_label": "model", "model": "model"}}, {"model": "contenttypes.contenttype", "pk": 8, "fields": {"app_label": "certificate", "model": "text"}}, {"model": "contenttypes.contenttype", "pk": 9, "fields": {"app_label": "certificate", "model": "certificate"}}, {"model": "contenttypes.contenttype", "pk": 10, "fields": {"app_label": "model", "model": "text"}}, {"model": "sessions.session", "pk": "4phyn6ahf0rq71i1ykbogs3jlk9hj864", "fields": {"session_data": ".eJxVjMEOwiAQRP-FsyHAdrF49N5vIAu7StXQpLQn47_bJj3oZQ7z3sxbRVqXEtcmcxxZXZRVp98uUX5K3QE_qN4nnae6zGPSu6IP2vQwsbyuh_t3UKiVbR2Ye4aMzokHY0KwNhsHEsjfBFPqHQFs4dCHIB0mm_mMAB1ZQWKvPl_Qpjds:1sRDxw:cw0PByBShWaEy8Mj4iIUJCoj_E-nBajZE-QWIHi2Ubo", "expire_date": "2024-07-23T16:45:20.222Z"}}, {"model": "sessions.session", "pk": "73lel0l2punwd44pkp9sqv70lojb16cm", "fields": {"session_data": ".eJxVjMEOwiAQRP-FsyHAdrF49N5vIAu7StXQpLQn47_bJj3oZQ7z3sxbRVqXEtcmcxxZXZRVp98uUX5K3QE_qN4nnae6zGPSu6IP2vQwsbyuh_t3UKiVbR2Ye4aMzokHY0KwNhsHEsjfBFPqHQFs4dCHIB0mm_mMAB1ZQWKvPl_Qpjds:1s9otG:Pz0fAzJPf2-Dt-2YIOqvVW2iKRkGfwTZqYofq4uHtvI", "expire_date": "2024-06-05T16:32:34.331Z"}}, {"model": "sessions.session", "pk": "88or754pkrr7gykbb2so03yzrt8letbb", "fields": {"session_data": ".eJxVjMEOwiAQRP-FsyHAdrF49N5vIAu7StXQpLQn47_bJj3oZQ7z3sxbRVqXEtcmcxxZXZRVp98uUX5K3QE_qN4nnae6zGPSu6IP2vQwsbyuh_t3UKiVbR2Ye4aMzokHY0KwNhsHEsjfBFPqHQFs4dCHIB0mm_mMAB1ZQWKvPl_Qpjds:1s7zZd:qmGQGhtsyxp2QQCSoLSVEeFjWyeNBr-3BxoZQuFbaWg", "expire_date": "2024-05-31T15:32:45.958Z"}}, {"model": "sessions.session", "pk": "d0548sjh1g0pe763rey5kb64z1ytbc1z", "fields": {"session_data": ".eJxVjMEOwiAQRP-FsyHAdrF49N5vIAu7StXQpLQn47_bJj3oZQ7z3sxbRVqXEtcmcxxZXZRVp98uUX5K3QE_qN4nnae6zGPSu6IP2vQwsbyuh_t3UKiVbR2Ye4aMzokHY0KwNhsHEsjfBFPqHQFs4dCHIB0mm_mMAB1ZQWKvPl_Qpjds:1sg6Nd:hy76fZIjYscghi-ZY4BXeevMigvYDXkE3DAFilULfHI", "expire_date": "2024-09-02T17:41:21.623Z"}}, {"model": "sessions.session", "pk": "e34ce9cw55ppnx1nfndvpggkkt76dfth", "fields": {"session_data": ".eJxVjMEOwiAQRP-FsyHAdrF49N5vIAu7StXQpLQn47_bJj3oZQ7z3sxbRVqXEtcmcxxZXZRVp98uUX5K3QE_qN4nnae6zGPSu6IP2vQwsbyuh_t3UKiVbR2Ye4aMzokHY0KwNhsHEsjfBFPqHQFs4dCHIB0mm_mMAB1ZQWKvPl_Qpjds:1sg77N:OZJ8MfdCygStuIQLuNw17zyHASR2vFJx_ZMU4ubBkZI", "expire_date": "2024-09-02T18:28:37.781Z"}}, {"model": "sessions.session", "pk": "u05xl24u6ladaghsccjjd9jdripmyg6n", "fields": {"session_data": ".eJxVjMEOwiAQRP-FsyHAdrF49N5vIAu7StXQpLQn47_bJj3oZQ7z3sxbRVqXEtcmcxxZXZRVp98uUX5K3QE_qN4nnae6zGPSu6IP2vQwsbyuh_t3UKiVbR2Ye4aMzokHY0KwNhsHEsjfBFPqHQFs4dCHIB0mm_mMAB1ZQWKvPl_Qpjds:1s9niN:10Vn9Itr1TmhcW-qmWaoR_2yJiyVK8H8iJMPjc5rtV8", "expire_date": "2024-06-05T15:17:15.839Z"}}, {"model": "sessions.session", "pk": "u89wehzr8hw4rzrtnbue7fvk17x2pxj9", "fields": {"session_data": ".eJxVjMEOwiAQRP-FsyHAdrF49N5vIAu7StXQpLQn47_bJj3oZQ7z3sxbRVqXEtcmcxxZXZRVp98uUX5K3QE_qN4nnae6zGPSu6IP2vQwsbyuh_t3UKiVbR2Ye4aMzokHY0KwNhsHEsjfBFPqHQFs4dCHIB0mm_mMAB1ZQWKvPl_Qpjds:1s0QkA:P0Msk-BpmYdiDwMSfKqq8B_sSv6S399mkMqBoLWiqks", "expire_date": "2024-05-10T18:56:22.791Z"}}, {"model": "sessions.session", "pk": "us1hgwd4wwjmmsy5mjchc1w366kf7u08", "fields": {"session_data": ".eJxVjMEOwiAQRP-FsyHAdrF49N5vIAu7StXQpLQn47_bJj3oZQ7z3sxbRVqXEtcmcxxZXZRVp98uUX5K3QE_qN4nnae6zGPSu6IP2vQwsbyuh_t3UKiVbR2Ye4aMzokHY0KwNhsHEsjfBFPqHQFs4dCHIB0mm_mMAB1ZQWKvPl_Qpjds:1sRB7t:8zywI8FBatGmlDSL1HCccgSiJdjcqWgz2xmw445BPDk", "expire_date": "2024-07-23T13:43:25.802Z"}}, {"model": "sessions.session", "pk": "zjm07n8tw87w7c43e0lqjigliat9ijic", "fields": {"session_data": ".eJxVjMEOwiAQRP-FsyHAdrF49N5vIAu7StXQpLQn47_bJj3oZQ7z3sxbRVqXEtcmcxxZXZRVp98uUX5K3QE_qN4nnae6zGPSu6IP2vQwsbyuh_t3UKiVbR2Ye4aMzokHY0KwNhsHEsjfBFPqHQFs4dCHIB0mm_mMAB1ZQWKvPl_Qpjds:1s0rfz:UQaia-RxJBzJNQEVNpoAxXrpI23bbLUD06r02XIQBWI", "expire_date": "2024-05-11T23:41:51.317Z"}}, {"model": "model.text", "pk": 4, "fields": {"field": "name", "size": 48, "pos_x": "(536, 1466)", "pos_y": 755, "color": "0,0,0"}}, {"model": "model.text", "pk": 5, "fields": {"field": "cpf", "size": 46, "pos_x": "(660,1050)", "pos_y": 840, "color": "0,0,0"}}, {"model": "model.text", "pk": 6, "fields": {"field": "extra", "size": 36, "pos_x": "(1435, 1980)", "pos_y": 1340, "color": "255,255,255"}}, {"model": "model.model", "pk": 2, "fields": {"name": "APH", "front": "models/SOCORRISTA_NOVO.png", "back": "models/aphback.png", "texts": [4, 5, 6]}}, {"model": "model.model", "pk": 3, "fields": {"name": "PUNÇÃO VENOSA", "front": "models/penosafront.png", "back": "models/penosaback.png", "texts": [4, 5, 6]}}, {"model": "model.model", "pk": 4, "fields": {"name": "SATURA SIMPLES", "front": "models/saturafront.png", "back": "models/saturaback.png", "texts": [4, 5, 6]}}, {"model": "model.model", "pk": 5, "fields": {"name": "BLS", "front": "models/blsfront.png", "back": "models/blsback.png", "texts": [4, 5, 6]}}, {"model": "model.model", "pk": 6, "fields": {"name": "Lei Lucas", "front": "models/leilucas.png", "back": "models/leilucasback.png", "texts": [4, 5, 6]}}, {"model": "certificate.certificate", "pk": 32, "fields": {"identifier": "Suellen de Alencar Verissimo151.474.747-22Nova Iguaçu 07/07/2024", "model": 3, "data_json": "{'name': 'Suellen de Alencar Verissimo', 'cpf': '151.474.747-22', 'extra': 'Nova Iguaçu 07/07/2024'}"}}, {"model": "certificate.certificate", "pk": 33, "fields": {"identifier": "Helena Cristina de Souza limeira 181.420.487-36Nova Iguaçu 07/07/2024", "model": 3, "data_json": "{'name': 'Helena Cristina de Souza limeira ', 'cpf': '181.420.487-36', 'extra': 'Nova Iguaçu 07/07/2024'}"}}, {"model": "certificate.certificate", "pk": 34, "fields": {"identifier": "Rafaela Carvalho de Oliveira 140.543.117-25Nova Iguaçu 07/07/2024", "model": 3, "data_json": "{'name': 'Rafaela Carvalho de Oliveira ', 'cpf': '140.543.117-25', 'extra': 'Nova Iguaçu 07/07/2024'}"}}, {"model": "certificate.certificate", "pk": 35, "fields": {"identifier": "Rosemere Damião Souza Ribeiro 093.646.137-32Nova Iguaçu 07/07/2024", "model": 3, "data_json": "{'name': 'Rosemere Damião Souza Ribeiro ', 'cpf': '093.646.137-32', 'extra': 'Nova Iguaçu 07/07/2024'}"}}, {"model": "certificate.certificate", "pk": 36, "fields": {"identifier": "Neidemar Araujo da Silva028.109.337-00Nova Iguaçu 07/07/2024", "model": 3, "data_json": "{'name': 'Neidemar Araujo da Silva', 'cpf': '028.109.337-00', 'extra': 'Nova Iguaçu 07/07/2024'}"}}, {"model": "certificate.certificate", "pk": 37, "fields": {"identifier": "Priscilla Rodrigues Cirilo 121.040.987-93Nova Iguaçu 07/07/2024", "model": 3, "data_json": "{'name': 'Priscilla Rodrigues Cirilo ', 'cpf': '121.040.987-93', 'extra': 'Nova Iguaçu 07/07/2024'}"}}, {"model": "certificate.certificate", "pk": 39, "fields": {"identifier": "FELIPE MAÇANA PRATA181.541.877-01Nova Iguaçu 10/02/2024", "model": 2, "data_json": "{'name': 'FELIPE MAÇANA PRATA', 'cpf': '181.541.877-01', 'extra': 'Nova Iguaçu 10/02/2024'}"}}, {"model": "certificate.certificate", "pk": 40, "fields": {"identifier": "FELIPE MAÇANA PRATA181.541.877-01Nova Iguaçu 18/05/2024", "model": 5, "data_json": "{'name': 'FELIPE MAÇANA PRATA', 'cpf': '181.541.877-01', 'extra': 'Nova Iguaçu 18/05/2024'}"}}, {"model": "certificate.certificate", "pk": 41, "fields": {"identifier": "Mariza Pereira dos Santos103.808.307-95Nova Iguaçu 25/04/2024", "model": 2, "data_json": "{'name': 'Mariza Pereira dos Santos', 'cpf': '103.808.307-95', 'extra': 'Nova Iguaçu 25/04/2024'}"}}, {"model": "certificate.certificate", "pk": 42, "fields": {"identifier": "Glaucia Ismerio da Silva133.030.687-20Nova Iguaçu 06/08/2024", "model": 2, "data_json": "{'name': 'Glaucia Ismerio da Silva', 'cpf': '133.030.687-20', 'extra': 'Nova Iguaçu 06/08/2024'}"}}, {"model": "certificate.certificate", "pk": 43, "fields": {"identifier": "André Bezerra Bento 053.936.317-07Nova Iguaçu 06/08/2024", "model": 2, "data_json": "{'name': 'André Bezerra Bento ', 'cpf': '053.936.317-07', 'extra': 'Nova Iguaçu 06/08/2024'}"}}, {"model": "certificate.certificate", "pk": 44, "fields": {"identifier": "Cynthia Alves Pereira Macedo117.963.447-02Nova Iguaçu 19/08/2024", "model": 2, "data_json": "{'name': 'Cynthia Alves Pereira Macedo', 'cpf': '117.963.447-02', 'extra': 'Nova Iguaçu 19/08/2024'}"}}, {"model": "certificate.certificate", "pk": 45, "fields": {"identifier": "Cynthia Alves Pereira Macedo117.963.447-02Nova Iguaçu 19/08/2024", "model": 2, "data_json": "{'name': 'Cynthia Alves Pereira Macedo', 'cpf': '117.963.447-02', 'extra': 'Nova Iguaçu 19/08/2024'}"}}, {"model": "certificate.certificate", "pk": 46, "fields": {"identifier": "Izabella leal Silva Martins 103.095.527-10Nova Iguaçu 19/08/2024", "model": 2, "data_json": "{'name': 'Izabella leal Silva Martins ', 'cpf': '103.095.527-10', 'extra': 'Nova Iguaçu 19/08/2024'}"}}, {"model": "certificate.certificate", "pk": 47, "fields": {"identifier": "Fernanda Cristina Pereira da Soledade168.167.727-09Nova Iguaçu 19/08/2024", "model": 2, "data_json": "{'name': 'Fernanda Cristina Pereira da Soledade', 'cpf': '168.167.727-09', 'extra': 'Nova Iguaçu 19/08/2024'}"}}, {"model": "certificate.certificate", "pk": 48, "fields": {"identifier": "Kézia Adriele Nery Pereira 170.247.707-08Nova Iguaçu 19/08/2024", "model": 2, "data_json": "{'name': 'Kézia Adriele Nery Pereira ', 'cpf': '170.247.707-08', 'extra': 'Nova Iguaçu 19/08/2024'}"}}, {"model": "certificate.certificate", "pk": 49, "fields": {"identifier": "Cristian Carla Formozo Esquerdo 038.533.757-40Nova Iguaçu 19/08/2024", "model": 2, "data_json": "{'name': 'Cristian Carla Formozo Esquerdo ', 'cpf': '038.533.757-40', 'extra': 'Nova Iguaçu 19/08/2024'}"}}, {"model": "certificate.certificate", "pk": 50, "fields": {"identifier": "Lucas Formozo Esquerdo 153.458.817-58Nova Iguaçu 19/08/2024", "model": 2, "data_json": "{'name': 'Lucas Formozo Esquerdo ', 'cpf': '153.458.817-58', 'extra': 'Nova Iguaçu 19/08/2024'}"}}, {"model": "certificate.certificate", "pk": 51, "fields": {"identifier": "Greicibel Fernandes Lins 115.573.767-94Nova Iguaçu 19/08/2024", "model": 2, "data_json": "{'name': 'Greicibel Fernandes Lins ', 'cpf': '115.573.767-94', 'extra': 'Nova Iguaçu 19/08/2024'}"}}, {"model": "certificate.certificate", "pk": 52, "fields": {"identifier": "Tatiane Lins Pinto183.814.077-88Nova Iguaçu 19/08/2024", "model": 2, "data_json": "{'name': 'Tatiane Lins Pinto', 'cpf': '183.814.077-88', 'extra': 'Nova Iguaçu 19/08/2024'}"}}, {"model": "certificate.certificate", "pk": 53, "fields": {"identifier": "ALINE QUERINO VARGAS RODRIGUES095.649.407-29Nova Iguaçu 20/08/2024", "model": 6, "data_json": "{'name': 'ALINE QUERINO VARGAS RODRIGUES', 'cpf': '095.649.407-29', 'extra': 'Nova Iguaçu 20/08/2024'}"}}, {"model": "certificate.certificate", "pk": 54, "fields": {"identifier": "AMANDA CORREIA SODRÉ181.328.167-06Nova Iguaçu 20/08/2024", "model": 6, "data_json": "{'name': 'AMANDA CORREIA SODRÉ', 'cpf': '181.328.167-06', 'extra': 'Nova Iguaçu 20/08/2024'}"}}, {"model": "certificate.certificate", "pk": 55, "fields": {"identifier": "CRISTINA DAMIÃO OLIVEIRA LAGO\t\t077.387.337-64Nova Iguaçu 20/08/2024", "model": 6, "data_json": "{'name': 'CRISTINA DAMIÃO OLIVEIRA LAGO\\t\\t', 'cpf': '077.387.337-64', 'extra': 'Nova Iguaçu 20/08/2024'}"}}, {"model": "certificate.certificate", "pk": 56, "fields": {"identifier": "EMANUELA CANDIDA CABRAL\t\t087.052.567-04Nova Iguaçu 20/08/2024", "model": 6, "data_json": "{'name': 'EMANUELA CANDIDA CABRAL\\t\\t', 'cpf': '087.052.567-04', 'extra': 'Nova Iguaçu 20/08/2024'}"}}, {"model": "certificate.certificate", "pk": 57, "fields": {"identifier": "ENDY CRISTINNE CYPRIANO SOUZA DA SILVA\t\t206.057.567-28Nova Iguaçu 20/08/2024", "model": 6, "data_json": "{'name': 'ENDY CRISTINNE CYPRIANO SOUZA DA SILVA\\t\\t', 'cpf': '206.057.567-28', 'extra': 'Nova Iguaçu 20/08/2024'}"}}, {"model": "certificate.certificate", "pk": 58, "fields": {"identifier": "FELIPE AUGUSTO DA SILVA NEVES\t\t110.193.777-71Nova Iguaçu 20/08/2024", "model": 6, "data_json": "{'name': 'FELIPE AUGUSTO DA SILVA NEVES\\t\\t', 'cpf': '110.193.777-71', 'extra': 'Nova Iguaçu 20/08/2024'}"}}, {"model": "certificate.certificate", "pk": 59, "fields": {"identifier": "GLEICE KELI MOREIRA FERREIRA\t\t131.582.587-22Nova Iguaçu 20/08/2024", "model": 6, "data_json": "{'name': 'GLEICE KELI MOREIRA FERREIRA\\t\\t', 'cpf': '131.582.587-22', 'extra': 'Nova Iguaçu 20/08/2024'}"}}, {"model": "certificate.certificate", "pk": 60, "fields": {"identifier": "IOHANE SANT´ANNA DE ARAUJO SILVA\t\t195.043.197-50Nova Iguaçu 20/08/2024", "model": 6, "data_json": "{'name': 'IOHANE SANT´ANNA DE ARAUJO SILVA\\t\\t', 'cpf': '195.043.197-50', 'extra': 'Nova Iguaçu 20/08/2024'}"}}, {"model": "certificate.certificate", "pk": 61, "fields": {"identifier": "JÉSSICA SIQUEIRA DE MELLO DOS SANTOS\t\t153.869.977-00Nova Iguaçu 20/08/2024", "model": 6, "data_json": "{'name': 'JÉSSICA SIQUEIRA DE MELLO DOS SANTOS\\t\\t', 'cpf': '153.869.977-00', 'extra': 'Nova Iguaçu 20/08/2024'}"}}, {"model": "certificate.certificate", "pk": 62, "fields": {"identifier": "JULIANA MELO RANGEL DE FREITAS\t\t133.501.757-75Nova Iguaçu 20/08/2024", "model": 6, "data_json": "{'name': 'JULIANA MELO RANGEL DE FREITAS\\t\\t', 'cpf': '133.501.757-75', 'extra': 'Nova Iguaçu 20/08/2024'}"}}, {"model": "certificate.certificate", "pk": 63, "fields": {"identifier": "LETÍCIA CLEMENTE DE LIMA NUNES\t\t166.521.577-13Nova Iguaçu 20/08/2024", "model": 6, "data_json": "{'name': 'LETÍCIA CLEMENTE DE LIMA NUNES\\t\\t', 'cpf': '166.521.577-13', 'extra': 'Nova Iguaçu 20/08/2024'}"}}, {"model": "certificate.certificate", "pk": 64, "fields": {"identifier": "LIDIANE GLEICY BALBINOTTI\t\t120.316.427-07Nova Iguaçu 20/08/2024", "model": 6, "data_json": "{'name': 'LIDIANE GLEICY BALBINOTTI\\t\\t', 'cpf': '120.316.427-07', 'extra': 'Nova Iguaçu 20/08/2024'}"}}, {"model": "certificate.certificate", "pk": 65, "fields": {"identifier": "LÍVIA DA SILVA AMORIM\t\t123.796.797-03Nova Iguaçu 20/08/2024", "model": 6, "data_json": "{'name': 'LÍVIA DA SILVA AMORIM\\t\\t', 'cpf': '123.796.797-03', 'extra': 'Nova Iguaçu 20/08/2024'}"}}, {"model": "certificate.certificate", "pk": 66, "fields": {"identifier": "Rodiana dos Santos Vieira Caldas 116.632.037-50Nova Iguaçu 25/08/2024", "model": 6, "data_json": "{'name': 'Rodiana dos Santos Vieira Caldas ', 'cpf': '116.632.037-50', 'extra': 'Nova Iguaçu 25/08/2024'}"}}, {"model": "certificate.certificate", "pk": 67, "fields": {"identifier": "Rodiana dos Santos Vieira Caldas 116.632.037-50Nova Iguaçu 25/08/2024", "model": 6, "data_json": "{'name': 'Rodiana dos Santos Vieira Caldas ', 'cpf': '116.632.037-50', 'extra': 'Nova Iguaçu 25/08/2024'}"}}, {"model": "certificate.certificate", "pk": 68, "fields": {"identifier": "Thainá Dias de Marins Pereira 169.703.047-27Nova Iguaçu 25/08/2024", "model": 6, "data_json": "{'name': 'Thainá Dias de Marins Pereira ', 'cpf': '169.703.047-27', 'extra': 'Nova Iguaçu 25/08/2024'}"}}, {"model": "certificate.certificate", "pk": 69, "fields": {"identifier": "Bianca Dias de Marins Cypriano 114.892.367-59Nova Iguaçu 25/08/2024", "model": 6, "data_json": "{'name': 'Bianca Dias de Marins Cypriano ', 'cpf': '114.892.367-59', 'extra': 'Nova Iguaçu 25/08/2024'}"}}, {"model": "certificate.certificate", "pk": 70, "fields": {"identifier": "Luci Dias de Marins Cypriano 022.499.567-74Nova Iguaçu 25/08/2024", "model": 6, "data_json": "{'name': 'Luci Dias de Marins Cypriano ', 'cpf': '022.499.567-74', 'extra': 'Nova Iguaçu 25/08/2024'}"}}, {"model": "certificate.certificate", "pk": 71, "fields": {"identifier": "Thaís Dias de Marins Pereira183.700.037-96Nova Iguaçu 25/08/2024", "model": 6, "data_json": "{'name': 'Thaís Dias de Marins Pereira', 'cpf': '183.700.037-96', 'extra': 'Nova Iguaçu 25/08/2024'}"}}, {"model": "certificate.certificate", "pk": 72, "fields": {"identifier": "Joselia Feitosa dos Santos Viana870.247.805-68Nova Iguaçu 25/08/2024", "model": 6, "data_json": "{'name': 'Joselia Feitosa dos Santos Viana', 'cpf': '870.247.805-68', 'extra': 'Nova Iguaçu 25/08/2024'}"}}, {"model": "certificate.certificate", "pk": 73, "fields": {"identifier": "Leila Maria da Silva André 828.115.557-49Nova Iguaçu 25/08/2024", "model": 6, "data_json": "{'name': 'Leila Maria da Silva André ', 'cpf': '828.115.557-49', 'extra': 'Nova Iguaçu 25/08/2024'}"}}, {"model": "certificate.certificate", "pk": 74, "fields": {"identifier": "Elissandra dos Santos Silva929.703.624-49Nova Iguaçu 25/08/2024", "model": 6, "data_json": "{'name': 'Elissandra dos Santos Silva', 'cpf': '929.703.624-49', 'extra': 'Nova Iguaçu 25/08/2024'}"}}, {"model": "certificate.certificate", "pk": 75, "fields": {"identifier": "Gilson Feitosa Santos095.030.537-57Nova Iguaçu 25/08/2024", "model": 6, "data_json": "{'name': 'Gilson Feitosa Santos', 'cpf': '095.030.537-57', 'extra': 'Nova Iguaçu 25/08/2024'}"}}, {"model": "certificate.certificate", "pk": 76, "fields": {"identifier": "Adriana cordeiro da silva Pereira Santos144.650.817-07Nova Iguaçu 25/08/2024", "model": 6, "data_json": "{'name': 'Adriana cordeiro da silva Pereira Santos', 'cpf': '144.650.817-07', 'extra': 'Nova Iguaçu 25/08/2024'}"}}, {"model": "certificate.certificate", "pk": 77, "fields": {"identifier": "Leni Laurinda da Silva092.590.057-52Nova Iguaçu 25/08/2024", "model": 6, "data_json": "{'name': 'Leni Laurinda da Silva', 'cpf': '092.590.057-52', 'extra': 'Nova Iguaçu 25/08/2024'}"}}, {"model": "certificate.certificate", "pk": 78, "fields": {"identifier": "Jocileia de Souza Silva  896.633.657-49Nova Iguaçu 25/08/2024", "model": 6, "data_json": "{'name': 'Jocileia de Souza Silva  ', 'cpf': '896.633.657-49', 'extra': 'Nova Iguaçu 25/08/2024'}"}}, {"model": "certificate.certificate", "pk": 79, "fields": {"identifier": "Julia de Souza Silva 216.061.647-83Nova Iguaçu 25/08/2024", "model": 6, "data_json": "{'name': 'Julia de Souza Silva ', 'cpf': '216.061.647-83', 'extra': 'Nova Iguaçu 25/08/2024'}"}}, {"model": "certificate.certificate", "pk": 80, "fields": {"identifier": "Laureane dos Santos Pereira Reis 018.903.397-50Nova Iguaçu 25/08/2024", "model": 6, "data_json": "{'name': 'Laureane dos Santos Pereira Reis ', 'cpf': '018.903.397-50', 'extra': 'Nova Iguaçu 25/08/2024'}"}}, {"model": "certificate.certificate", "pk": 81, "fields": {"identifier": "Yuri Reis de Bragança Albuquerque196.324.247-51Nova Iguaçu 25/08/2024", "model": 6, "data_json": "{'name': 'Yuri Reis de Bragança Albuquerque', 'cpf': '196.324.247-51', 'extra': 'Nova Iguaçu 25/08/2024'}"}}, {"model": "certificate.certificate", "pk": 82, "fields": {"identifier": "Eliane Souza Caldas006.496.662-32Nova Iguaçu 25/08/2024", "model": 6, "data_json": "{'name': 'Eliane Souza Caldas', 'cpf': '006.496.662-32', 'extra': 'Nova Iguaçu 25/08/2024'}"}}, {"model": "certificate.certificate", "pk": 83, "fields": {"identifier": "Cláudia Morais Vieira Caldas 112.238.317-79Nova Iguaçu 25/08/2024", "model": 6, "data_json": "{'name': 'Cláudia Morais Vieira Caldas ', 'cpf': '112.238.317-79', 'extra': 'Nova Iguaçu 25/08/2024'}"}}, {"model": "certificate.certificate", "pk": 84, "fields": {"identifier": "Elisandra de Paula Oliveira080.843.797-63Nova Iguaçu 25/08/2024", "model": 6, "data_json": "{'name': 'Elisandra de Paula Oliveira', 'cpf': '080.843.797-63', 'extra': 'Nova Iguaçu 25/08/2024'}"}}, {"model": "certificate.certificate", "pk": 85, "fields": {"identifier": "Sonia Maria Martins Nogueira300.295.387-34Nova Iguaçu 25/08/2024", "model": 6, "data_json": "{'name': 'Sonia Maria Martins Nogueira', 'cpf': '300.295.387-34', 'extra': 'Nova Iguaçu 25/08/2024'}"}}, {"model": "certificate.certificate", "pk": 86, "fields": {"identifier": "Vanessa Martins Nogueira100.179.027-89Nova Iguaçu 25/08/2024", "model": 6, "data_json": "{'name': 'Vanessa Martins Nogueira', 'cpf': '100.179.027-89', 'extra': 'Nova Iguaçu 25/08/2024'}"}}, {"model": "certificate.certificate", "pk": 87, "fields": {"identifier": "Rosilene de Souza Rodrigues002.811.007-21Nova Iguaçu 25/08/2024", "model": 6, "data_json": "{'name': 'Rosilene de Souza Rodrigues', 'cpf': '002.811.007-21', 'extra': 'Nova Iguaçu 25/08/2024'}"}}, {"model": "certificate.certificate", "pk": 88, "fields": {"identifier": "Lucas Oliveira da Silva170.541.407-96Nova Iguaçu 25/08/2024", "model": 6, "data_json": "{'name': 'Lucas Oliveira da Silva', 'cpf': '170.541.407-96', 'extra': 'Nova Iguaçu 25/08/2024'}"}}, {"model": "certificate.certificate", "pk": 89, "fields": {"identifier": "Cintia de Azeredo Nunes123.007.107-57Nova Iguaçu 25/08/2024", "model": 6, "data_json": "{'name': 'Cintia de Azeredo Nunes', 'cpf': '123.007.107-57', 'extra': 'Nova Iguaçu 25/08/2024'}"}}, {"model": "certificate.certificate", "pk": 90, "fields": {"identifier": "Idemilce dos Santos Vieira Caldas 790.164.050-4Nova Iguaçu 25/08/2024", "model": 6, "data_json": "{'name': 'Idemilce dos Santos Vieira Caldas ', 'cpf': '790.164.050-4', 'extra': 'Nova Iguaçu 25/08/2024'}"}}, {"model": "certificate.certificate", "pk": 91, "fields": {"identifier": "Luís Cláudio Caldas 617.001.507-15Nova Iguaçu 25/08/2024", "model": 6, "data_json": "{'name': 'Luís Cláudio Caldas ', 'cpf': '617.001.507-15', 'extra': 'Nova Iguaçu 25/08/2024'}"}}, {"model": "certificate.certificate", "pk": 92, "fields": {"identifier": "Geralda Maria Vieira Manhães063.618.127-82Nova Iguaçu 25/08/2024", "model": 6, "data_json": "{'name': 'Geralda Maria Vieira Manhães', 'cpf': '063.618.127-82', 'extra': 'Nova Iguaçu 25/08/2024'}"}}, {"model": "certificate.certificate", "pk": 93, "fields": {"identifier": "MIDIAN SANTOS DA SILVA036.396.947-08Nova Iguaçu 20/08/2024", "model": 6, "data_json": "{'name': 'MIDIAN SANTOS DA SILVA', 'cpf': '036.396.947-08', 'extra': 'Nova Iguaçu 20/08/2024'}"}}, {"model": "certificate.certificate", "pk": 94, "fields": {"identifier": "MILENA MEDEIROS\t\t090.386.827-00Nova Iguaçu 20/08/2024", "model": 6, "data_json": "{'name': 'MILENA MEDEIROS\\t\\t', 'cpf': '090.386.827-00', 'extra': 'Nova Iguaçu 20/08/2024'}"}}, {"model": "certificate.certificate", "pk": 95, "fields": {"identifier": "MIRIAM SANT´ANNA DE ARAUJO DA SILVA080.192.597-59Nova Iguaçu 20/08/2024", "model": 6, "data_json": "{'name': 'MIRIAM SANT´ANNA DE ARAUJO DA SILVA', 'cpf': '080.192.597-59', 'extra': 'Nova Iguaçu 20/08/2024'}"}}, {"model": "certificate.certificate", "pk": 96, "fields": {"identifier": "MONIQUE MELLO DE SOUZA BARAUNA\t\t089.344.937-71Nova Iguaçu 20/08/2024", "model": 6, "data_json": "{'name': 'MONIQUE MELLO DE SOUZA BARAUNA\\t\\t', 'cpf': '089.344.937-71', 'extra': 'Nova Iguaçu 20/08/2024'}"}}, {"model": "certificate.certificate", "pk": 97, "fields": {"identifier": "RENATA SOARES ROCHA CESARIO\t\t078.943.787-20Nova Iguaçu 20/08/2024", "model": 6, "data_json": "{'name': 'RENATA SOARES ROCHA CESARIO\\t\\t', 'cpf': '078.943.787-20', 'extra': 'Nova Iguaçu 20/08/2024'}"}}, {"model": "certificate.certificate", "pk": 98, "fields": {"identifier": "ROSANGELA MACHADO RIBEIRO DE ALMEIDA\t\t098.245.697-23Nova Iguaçu 20/08/2024", "model": 6, "data_json": "{'name': 'ROSANGELA MACHADO RIBEIRO DE ALMEIDA\\t\\t', 'cpf': '098.245.697-23', 'extra': 'Nova Iguaçu 20/08/2024'}"}}, {"model": "certificate.certificate", "pk": 99, "fields": {"identifier": "TEREZA CRISTINA CASTANHEIRA LOURENÇO086.889.697-79Nova Iguaçu 20/08/2024", "model": 6, "data_json": "{'name': 'TEREZA CRISTINA CASTANHEIRA LOURENÇO', 'cpf': '086.889.697-79', 'extra': 'Nova Iguaçu 20/08/2024'}"}}, {"model": "certificate.certificate", "pk": 100, "fields": {"identifier": "VANESSA SILVA164.535.587-00Nova Iguaçu 20/08/2024", "model": 6, "data_json": "{'name': 'VANESSA SILVA', 'cpf': '164.535.587-00', 'extra': 'Nova Iguaçu 20/08/2024'}"}}, {"model": "certificate.certificate", "pk": 101, "fields": {"identifier": "VIVIANE DE MENDONÇA LEITE NASSAR086.985.357-04Nova Iguaçu 20/08/2024", "model": 6, "data_json": "{'name': 'VIVIANE DE MENDONÇA LEITE NASSAR', 'cpf': '086.985.357-04', 'extra': 'Nova Iguaçu 20/08/2024'}"}}, {"model": "certificate.certificate", "pk": 102, "fields": {"identifier": "WILCILENE AGUIAR DA SILVA\t003.883.747-13Nova Iguaçu 20/08/2024", "model": 6, "data_json": "{'name': 'WILCILENE AGUIAR DA SILVA\\t', 'cpf': '003.883.747-13', 'extra': 'Nova Iguaçu 20/08/2024'}"}}]